10011	PASS	(Cookie) Secure Flag
10015	PASS	(Cookie) SameSite Flag
10020	PASS	(Cookie) HttpOnly Flag
10021	PASS	(Cookie) SameSite Flag
10036	PASS	(Cookie) Secure Flag
10054	PASS	(Cookie) SameSite Flag
10055	PASS	(Cookie) SameSite Flag
10056	PASS	(Cookie) SameSite Flag
10057	PASS	(Cookie) SameSite Flag
10058	PASS	(Cookie) SameSite Flag
10059	PASS	(Cookie) SameSite Flag
10060	PASS	(Cookie) SameSite Flag
10061	PASS	(Cookie) SameSite Flag
10062	PASS	(Cookie) SameSite Flag
10063	PASS	(Cookie) SameSite Flag
10064	PASS	(Cookie) SameSite Flag
10065	PASS	(Cookie) SameSite Flag
10066	PASS	(Cookie) SameSite Flag
10067	PASS	(Cookie) SameSite Flag
10068	PASS	(Cookie) SameSite Flag
10069	PASS	(Cookie) SameSite Flag
10070	PASS	(Cookie) SameSite Flag
10071	PASS	(Cookie) SameSite Flag
10072	PASS	(Cookie) SameSite Flag
10073	PASS	(Cookie) SameSite Flag
10074	PASS	(Cookie) SameSite Flag
10075	PASS	(Cookie) SameSite Flag
10076	PASS	(Cookie) SameSite Flag
10077	PASS	(Cookie) SameSite Flag
10078	PASS	(Cookie) SameSite Flag
10079	PASS	(Cookie) SameSite Flag
10080	PASS	(Cookie) SameSite Flag
10081	PASS	(Cookie) SameSite Flag
10082	PASS	(Cookie) SameSite Flag
10083	PASS	(Cookie) SameSite Flag
10084	PASS	(Cookie) SameSite Flag
10085	PASS	(Cookie) SameSite Flag
10086	PASS	(Cookie) SameSite Flag
10087	PASS	(Cookie) SameSite Flag
10088	PASS	(Cookie) SameSite Flag
10089	PASS	(Cookie) SameSite Flag
10090	PASS	(Cookie) SameSite Flag
10091	PASS	(Cookie) SameSite Flag
10092	PASS	(Cookie) SameSite Flag
10093	PASS	(Cookie) SameSite Flag
10094	PASS	(Cookie) SameSite Flag
10095	PASS	(Cookie) SameSite Flag
10096	PASS	(Cookie) SameSite Flag
10097	PASS	(Cookie) SameSite Flag
10098	PASS	(Cookie) SameSite Flag
10099	PASS	(Cookie) SameSite Flag
10100	PASS	(Cookie) SameSite Flag
10101	PASS	(Cookie) SameSite Flag
10102	PASS	(Cookie) SameSite Flag
10103	PASS	(Cookie) SameSite Flag
10104	PASS	(Cookie) SameSite Flag
10105	PASS	(Cookie) SameSite Flag
10106	PASS	(Cookie) SameSite Flag
10107	PASS	(Cookie) SameSite Flag
10108	PASS	(Cookie) SameSite Flag
10109	PASS	(Cookie) SameSite Flag
10110	PASS	(Cookie) SameSite Flag
10111	PASS	(Cookie) SameSite Flag
10112	PASS	(Cookie) SameSite Flag
10113	PASS	(Cookie) SameSite Flag
10114	PASS	(Cookie) SameSite Flag
10115	PASS	(Cookie) SameSite Flag
10116	PASS	(Cookie) SameSite Flag
10117	PASS	(Cookie) SameSite Flag
10118	PASS	(Cookie) SameSite Flag
10119	PASS	(Cookie) SameSite Flag
10120	PASS	(Cookie) SameSite Flag
10121	PASS	(Cookie) SameSite Flag
10122	PASS	(Cookie) SameSite Flag
10123	PASS	(Cookie) SameSite Flag
10124	PASS	(Cookie) SameSite Flag
10125	PASS	(Cookie) SameSite Flag
10126	PASS	(Cookie) SameSite Flag
10127	PASS	(Cookie) SameSite Flag
10128	PASS	(Cookie) SameSite Flag
10129	PASS	(Cookie) SameSite Flag
10130	PASS	(Cookie) SameSite Flag
10131	PASS	(Cookie) SameSite Flag
10132	PASS	(Cookie) SameSite Flag
10133	PASS	(Cookie) SameSite Flag
10134	PASS	(Cookie) SameSite Flag
10135	PASS	(Cookie) SameSite Flag
10136	PASS	(Cookie) SameSite Flag
10137	PASS	(Cookie) SameSite Flag
10138	PASS	(Cookie) SameSite Flag
10139	PASS	(Cookie) SameSite Flag
10140	PASS	(Cookie) SameSite Flag
10141	PASS	(Cookie) SameSite Flag
10142	PASS	(Cookie) SameSite Flag
10143	PASS	(Cookie) SameSite Flag
10144	PASS	(Cookie) SameSite Flag
10145	PASS	(Cookie) SameSite Flag
10146	PASS	(Cookie) SameSite Flag
10147	PASS	(Cookie) SameSite Flag
10148	PASS	(Cookie) SameSite Flag
10149	PASS	(Cookie) SameSite Flag
10150	PASS	(Cookie) SameSite Flag
10151	PASS	(Cookie) SameSite Flag
10152	PASS	(Cookie) SameSite Flag
10153	PASS	(Cookie) SameSite Flag
10154	PASS	(Cookie) SameSite Flag
10155	PASS	(Cookie) SameSite Flag
10156	PASS	(Cookie) SameSite Flag
10157	PASS	(Cookie) SameSite Flag
10158	PASS	(Cookie) SameSite Flag
10159	PASS	(Cookie) SameSite Flag
10160	PASS	(Cookie) SameSite Flag
10161	PASS	(Cookie) SameSite Flag
10162	PASS	(Cookie) SameSite Flag
10163	PASS	(Cookie) SameSite Flag
10164	PASS	(Cookie) SameSite Flag
10165	PASS	(Cookie) SameSite Flag
10166	PASS	(Cookie) SameSite Flag
10167	PASS	(Cookie) SameSite Flag
10168	PASS	(Cookie) SameSite Flag
10169	PASS	(Cookie) SameSite Flag
10170	PASS	(Cookie) SameSite Flag
10171	PASS	(Cookie) SameSite Flag
10172	PASS	(Cookie) SameSite Flag
10173	PASS	(Cookie) SameSite Flag
10174	PASS	(Cookie) SameSite Flag
10175	PASS	(Cookie) SameSite Flag
10176	PASS	(Cookie) SameSite Flag
10177	PASS	(Cookie) SameSite Flag
10178	PASS	(Cookie) SameSite Flag
10179	PASS	(Cookie) SameSite Flag
10180	PASS	(Cookie) SameSite Flag
10181	PASS	(Cookie) SameSite Flag
10182	PASS	(Cookie) SameSite Flag
10183	PASS	(Cookie) SameSite Flag
10184	PASS	(Cookie) SameSite Flag
10185	PASS	(Cookie) SameSite Flag
10186	PASS	(Cookie) SameSite Flag
10187	PASS	(Cookie) SameSite Flag
10188	PASS	(Cookie) SameSite Flag
10189	PASS	(Cookie) SameSite Flag
10190	PASS	(Cookie) SameSite Flag
10191	PASS	(Cookie) SameSite Flag
10192	PASS	(Cookie) SameSite Flag
10193	PASS	(Cookie) SameSite Flag
10194	PASS	(Cookie) SameSite Flag
10195	PASS	(Cookie) SameSite Flag
10196	PASS	(Cookie) SameSite Flag
10197	PASS	(Cookie) SameSite Flag
10198	PASS	(Cookie) SameSite Flag
10199	PASS	(Cookie) SameSite Flag
10200	PASS	(Cookie) SameSite Flag
10201	PASS	(Cookie) SameSite Flag
10202	PASS	(Cookie) SameSite Flag
10203	PASS	(Cookie) SameSite Flag
10204	PASS	(Cookie) SameSite Flag
10205	PASS	(Cookie) SameSite Flag
10206	PASS	(Cookie) SameSite Flag
10207	PASS	(Cookie) SameSite Flag
10208	PASS	(Cookie) SameSite Flag
10209	PASS	(Cookie) SameSite Flag
10210	PASS	(Cookie) SameSite Flag
10211	PASS	(Cookie) SameSite Flag
10212	PASS	(Cookie) SameSite Flag
10213	PASS	(Cookie) SameSite Flag
10214	PASS	(Cookie) SameSite Flag
10215	PASS	(Cookie) SameSite Flag
10216	PASS	(Cookie) SameSite Flag
10217	PASS	(Cookie) SameSite Flag
10218	PASS	(Cookie) SameSite Flag
10219	PASS	(Cookie) SameSite Flag
10220	PASS	(Cookie) SameSite Flag
10221	PASS	(Cookie) SameSite Flag
10222	PASS	(Cookie) SameSite Flag
10223	PASS	(Cookie) SameSite Flag
10224	PASS	(Cookie) SameSite Flag
10225	PASS	(Cookie) SameSite Flag
10226	PASS	(Cookie) SameSite Flag
10227	PASS	(Cookie) SameSite Flag
10228	PASS	(Cookie) SameSite Flag
10229	PASS	(Cookie) SameSite Flag
10230	PASS	(Cookie) SameSite Flag
10231	PASS	(Cookie) SameSite Flag
10232	PASS	(Cookie) SameSite Flag
10233	PASS	(Cookie) SameSite Flag
10234	PASS	(Cookie) SameSite Flag
10235	PASS	(Cookie) SameSite Flag
10236	PASS	(Cookie) SameSite Flag
10237	PASS	(Cookie) SameSite Flag
10238	PASS	(Cookie) SameSite Flag
10239	PASS	(Cookie) SameSite Flag
10240	PASS	(Cookie) SameSite Flag
10241	PASS	(Cookie) SameSite Flag
10242	PASS	(Cookie) SameSite Flag
10243	PASS	(Cookie) SameSite Flag
10244	PASS	(Cookie) SameSite Flag
10245	PASS	(Cookie) SameSite Flag
10246	PASS	(Cookie) SameSite Flag
10247	PASS	(Cookie) SameSite Flag
10248	PASS	(Cookie) SameSite Flag
10249	PASS	(Cookie) SameSite Flag
10250	PASS	(Cookie) SameSite Flag
10251	PASS	(Cookie) SameSite Flag
10252	PASS	(Cookie) SameSite Flag
10253	PASS	(Cookie) SameSite Flag
10254	PASS	(Cookie) SameSite Flag
10255	PASS	(Cookie) SameSite Flag
10256	PASS	(Cookie) SameSite Flag
10257	PASS	(Cookie) SameSite Flag
10258	PASS	(Cookie) SameSite Flag
10259	PASS	(Cookie) SameSite Flag
10260	PASS	(Cookie) SameSite Flag
10261	PASS	(Cookie) SameSite Flag
10262	PASS	(Cookie) SameSite Flag
10263	PASS	(Cookie) SameSite Flag
10264	PASS	(Cookie) SameSite Flag
10265	PASS	(Cookie) SameSite Flag
10266	PASS	(Cookie) SameSite Flag
10267	PASS	(Cookie) SameSite Flag
10268	PASS	(Cookie) SameSite Flag
10269	PASS	(Cookie) SameSite Flag
10270	PASS	(Cookie) SameSite Flag
10271	PASS	(Cookie) SameSite Flag
10272	PASS	(Cookie) SameSite Flag
10273	PASS	(Cookie) SameSite Flag
10274	PASS	(Cookie) SameSite Flag
10275	PASS	(Cookie) SameSite Flag
10276	PASS	(Cookie) SameSite Flag
10277	PASS	(Cookie) SameSite Flag
10278	PASS	(Cookie) SameSite Flag
10279	PASS	(Cookie) SameSite Flag
10280	PASS	(Cookie) SameSite Flag
10281	PASS	(Cookie) SameSite Flag
10282	PASS	(Cookie) SameSite Flag
10283	PASS	(Cookie) SameSite Flag
10284	PASS	(Cookie) SameSite Flag
10285	PASS	(Cookie) SameSite Flag
10286	PASS	(Cookie) SameSite Flag
10287	PASS	(Cookie) SameSite Flag
10288	PASS	(Cookie) SameSite Flag
10289	PASS	(Cookie) SameSite Flag
10290	PASS	(Cookie) SameSite Flag
10291	PASS	(Cookie) SameSite Flag
10292	PASS	(Cookie) SameSite Flag
10293	PASS	(Cookie) SameSite Flag
10294	PASS	(Cookie) SameSite Flag
10295	PASS	(Cookie) SameSite Flag
10296	PASS	(Cookie) SameSite Flag
10297	PASS	(Cookie) SameSite Flag
10298	PASS	(Cookie) SameSite Flag
10299	PASS	(Cookie) SameSite Flag
10300	PASS	(Cookie) SameSite Flag
10301	PASS	(Cookie) SameSite Flag
10302	PASS	(Cookie) SameSite Flag
10303	PASS	(Cookie) SameSite Flag
10304	PASS	(Cookie) SameSite Flag
10305	PASS	(Cookie) SameSite Flag
10306	PASS	(Cookie) SameSite Flag
10307	PASS	(Cookie) SameSite Flag
10308	PASS	(Cookie) SameSite Flag
10309	PASS	(Cookie) SameSite Flag
10310	PASS	(Cookie) SameSite Flag
10311	PASS	(Cookie) SameSite Flag
10312	PASS	(Cookie) SameSite Flag
10313	PASS	(Cookie) SameSite Flag
10314	PASS	(Cookie) SameSite Flag
10315	PASS	(Cookie) SameSite Flag
10316	PASS	(Cookie) SameSite Flag
10317	PASS	(Cookie) SameSite Flag
10318	PASS	(Cookie) SameSite Flag
10319	PASS	(Cookie) SameSite Flag
10320	PASS	(Cookie) SameSite Flag
10321	PASS	(Cookie) SameSite Flag
10322	PASS	(Cookie) SameSite Flag
10323	PASS	(Cookie) SameSite Flag
10324	PASS	(Cookie) SameSite Flag
10325	PASS	(Cookie) SameSite Flag
10326	PASS	(Cookie) SameSite Flag
10327	PASS	(Cookie) SameSite Flag
10328	PASS	(Cookie) SameSite Flag
10329	PASS	(Cookie) SameSite Flag
10330	PASS	(Cookie) SameSite Flag
10331	PASS	(Cookie) SameSite Flag
10332	PASS	(Cookie) SameSite Flag
10333	PASS	(Cookie) SameSite Flag
10334	PASS	(Cookie) SameSite Flag
10335	PASS	(Cookie) SameSite Flag
10336	PASS	(Cookie) SameSite Flag
10337	PASS	(Cookie) SameSite Flag
10338	PASS	(Cookie) SameSite Flag
10339	PASS	(Cookie) SameSite Flag
10340	PASS	(Cookie) SameSite Flag
10341	PASS	(Cookie) SameSite Flag
10342	PASS	(Cookie) SameSite Flag
10343	PASS	(Cookie) SameSite Flag
10344	PASS	(Cookie) SameSite Flag
10345	PASS	(Cookie) SameSite Flag
10346	PASS	(Cookie) SameSite Flag
10347	PASS	(Cookie) SameSite Flag
10348	PASS	(Cookie) SameSite Flag
10349	PASS	(Cookie) SameSite Flag
10350	PASS	(Cookie) SameSite Flag
10351	PASS	(Cookie) SameSite Flag
10352	PASS	(Cookie) SameSite Flag
10353	PASS	(Cookie) SameSite Flag
10354	PASS	(Cookie) SameSite Flag
10355	PASS	(Cookie) SameSite Flag
10356	PASS	(Cookie) SameSite Flag
10357	PASS	(Cookie) SameSite Flag
10358	PASS	(Cookie) SameSite Flag
10359	PASS	(Cookie) SameSite Flag
10360	PASS	(Cookie) SameSite Flag
10361	PASS	(Cookie) SameSite Flag
10362	PASS	(Cookie) SameSite Flag
10363	PASS	(Cookie) SameSite Flag
10364	PASS	(Cookie) SameSite Flag
10365	PASS	(Cookie) SameSite Flag
10366	PASS	(Cookie) SameSite Flag
10367	PASS	(Cookie) SameSite Flag
10368	PASS	(Cookie) SameSite Flag
10369	PASS	(Cookie) SameSite Flag
10370	PASS	(Cookie) SameSite Flag
10371	PASS	(Cookie) SameSite Flag
10372	PASS	(Cookie) SameSite Flag
10373	PASS	(Cookie) SameSite Flag
10374	PASS	(Cookie) SameSite Flag
10375	PASS	(Cookie) SameSite Flag
10376	PASS	(Cookie) SameSite Flag
10377	PASS	(Cookie) SameSite Flag
10378	PASS	(Cookie) SameSite Flag
10379	PASS	(Cookie) SameSite Flag
10380	PASS	(Cookie) SameSite Flag
10381	PASS	(Cookie) SameSite Flag
10382	PASS	(Cookie) SameSite Flag
10383	PASS	(Cookie) SameSite Flag
10384	PASS	(Cookie) SameSite Flag
10385	PASS	(Cookie) SameSite Flag
10386	PASS	(Cookie) SameSite Flag
10387	PASS	(Cookie) SameSite Flag
10388	PASS	(Cookie) SameSite Flag
10389	PASS	(Cookie) SameSite Flag
10390	PASS	(Cookie) SameSite Flag
10391	PASS	(Cookie) SameSite Flag
10392	PASS	(Cookie) SameSite Flag
10393	PASS	(Cookie) SameSite Flag
10394	PASS	(Cookie) SameSite Flag
10395	PASS	(Cookie) SameSite Flag
10396	PASS	(Cookie) SameSite Flag
10397	PASS	(Cookie) SameSite Flag
10398	PASS	(Cookie) SameSite Flag
10399	PASS	(Cookie) SameSite Flag
10400	PASS	(Cookie) SameSite Flag
10401	PASS	(Cookie) SameSite Flag
10402	PASS	(Cookie) SameSite Flag
10403	PASS	(Cookie) SameSite Flag
10404	PASS	(Cookie) SameSite Flag
10405	PASS	(Cookie) SameSite Flag
10406	PASS	(Cookie) SameSite Flag
10407	PASS	(Cookie) SameSite Flag
10408	PASS	(Cookie) SameSite Flag
10409	PASS	(Cookie) SameSite Flag
10410	PASS	(Cookie) SameSite Flag
10411	PASS	(Cookie) SameSite Flag
10412	PASS	(Cookie) SameSite Flag
10413	PASS	(Cookie) SameSite Flag
10414	PASS	(Cookie) SameSite Flag
10415	PASS	(Cookie) SameSite Flag
10416	PASS	(Cookie) SameSite Flag
10417	PASS	(Cookie) SameSite Flag
10418	PASS	(Cookie) SameSite Flag
10419	PASS	(Cookie) SameSite Flag
10420	PASS	(Cookie) SameSite Flag
10421	PASS	(Cookie) SameSite Flag
10422	PASS	(Cookie) SameSite Flag
10423	PASS	(Cookie) SameSite Flag
10424	PASS	(Cookie) SameSite Flag
10425	PASS	(Cookie) SameSite Flag
10426	PASS	(Cookie) SameSite Flag
10427	PASS	(Cookie) SameSite Flag
10428	PASS	(Cookie) SameSite Flag
10429	PASS	(Cookie) SameSite Flag
10430	PASS	(Cookie) SameSite Flag
10431	PASS	(Cookie) SameSite Flag
10432	PASS	(Cookie) SameSite Flag
10433	PASS	(Cookie) SameSite Flag
10434	PASS	(Cookie) SameSite Flag
10435	PASS	(Cookie) SameSite Flag
10436	PASS	(Cookie) SameSite Flag
10437	PASS	(Cookie) SameSite Flag
10438	PASS	(Cookie) SameSite Flag
10439	PASS	(Cookie) SameSite Flag
10440	PASS	(Cookie) SameSite Flag
10441	PASS	(Cookie) SameSite Flag
10442	PASS	(Cookie) SameSite Flag
10443	PASS	(Cookie) SameSite Flag
10444	PASS	(Cookie) SameSite Flag
10445	PASS	(Cookie) SameSite Flag
10446	PASS	(Cookie) SameSite Flag
10447	PASS	(Cookie) SameSite Flag
10448	PASS	(Cookie) SameSite Flag
10449	PASS	(Cookie) SameSite Flag
10450	PASS	(Cookie) SameSite Flag
10451	PASS	(Cookie) SameSite Flag
10452	PASS	(Cookie) SameSite Flag
10453	PASS	(Cookie) SameSite Flag
10454	PASS	(Cookie) SameSite Flag
10455	PASS	(Cookie) SameSite Flag
10456	PASS	(Cookie) SameSite Flag
10457	PASS	(Cookie) SameSite Flag
10458	PASS	(Cookie) SameSite Flag
10459	PASS	(Cookie) SameSite Flag
10460	PASS	(Cookie) SameSite Flag
10461	PASS	(Cookie) SameSite Flag
10462	PASS	(Cookie) SameSite Flag
10463	PASS	(Cookie) SameSite Flag
10464	PASS	(Cookie) SameSite Flag
10465	PASS	(Cookie) SameSite Flag
10466	PASS	(Cookie) SameSite Flag
10467	PASS	(Cookie) SameSite Flag
10468	PASS	(Cookie) SameSite Flag
10469	PASS	(Cookie) SameSite Flag
10470	PASS	(Cookie) SameSite Flag
10471	PASS	(Cookie) SameSite Flag
10472	PASS	(Cookie) SameSite Flag
10473	PASS	(Cookie) SameSite Flag
10474	PASS	(Cookie) SameSite Flag
10475	PASS	(Cookie) SameSite Flag
10476	PASS	(Cookie) SameSite Flag
10477	PASS	(Cookie) SameSite Flag
10478	PASS	(Cookie) SameSite Flag
10479	PASS	(Cookie) SameSite Flag
10480	PASS	(Cookie) SameSite Flag
10481	PASS	(Cookie) SameSite Flag
10482	PASS	(Cookie) SameSite Flag
10483	PASS	(Cookie) SameSite Flag
10484	PASS	(Cookie) SameSite Flag
10485	PASS	(Cookie) SameSite Flag
10486	PASS	(Cookie) SameSite Flag
10487	PASS	(Cookie) SameSite Flag
10488	PASS	(Cookie) SameSite Flag
10489	PASS	(Cookie) SameSite Flag
10490	PASS	(Cookie) SameSite Flag
10491	PASS	(Cookie) SameSite Flag
10492	PASS	(Cookie) SameSite Flag
10493	PASS	(Cookie) SameSite Flag
10494	PASS	(Cookie) SameSite Flag
10495	PASS	(Cookie) SameSite Flag
10496	PASS	(Cookie) SameSite Flag
10497	PASS	(Cookie) SameSite Flag
10498	PASS	(Cookie) SameSite Flag
10499	PASS	(Cookie) SameSite Flag
10500	PASS	(Cookie) SameSite Flag
